{
    "name": "draft",
    "modules": [
        {
            "id": "response_1",
            "point": {
                "x": 448,
                "y": 784
            },
            "type": "response"
        },
        {
            "id": "input_1",
            "point": {
                "x": 237,
                "y": 568
            },
            "type": "input",
            "next_modules": [
                {
                    "id": "response_1",
                    "outcome": "single",
                    "incoming_side": "top",
                    "outgoing_side": "right"
                }
            ]
        }
    ]
}
